Source,Tier,UC,C,R,SR,SSR,UR,L,E
battle,1,75.81,13.96,0.55,0.0,0.0,0.0,0.0,0.0
battle,2,88.42,75.81,13.96,0.55,0.0,0.0,0.0,0.0
battle,3,22.15,88.42,75.81,13.96,0.55,0.0,0.0,0.0
battle,4,1.19,22.15,88.42,75.81,13.96,0.55,0.0,0.0
battle,5,0.01,1.19,22.15,88.42,75.81,13.96,0.08,0.0
battle,6,0.0,0.01,1.19,22.15,88.42,75.81,2.09,0.0
battle,7,0.0,0.0,0.01,1.19,22.15,88.42,11.37,0.0
battle,8,0.0,0.0,0.0,0.01,1.19,22.15,13.26,0.0
elite,1,88.42,75.81,13.96,0.55,0.0,0.0,0.0,0.0
elite,2,22.15,88.42,75.81,13.96,0.55,0.0,0.0,0.0
elite,3,1.19,22.15,88.42,75.81,13.96,0.55,0.0,0.0
elite,4,0.01,1.19,22.15,88.42,75.81,13.96,0.22,0.0
elite,5,0.0,0.01,1.19,22.15,88.42,75.81,5.58,0.0
elite,6,0.0,0.0,0.01,1.19,22.15,88.42,30.33,1.12
elite,7,0.0,0.0,0.0,0.01,1.19,22.15,35.37,6.07
elite,8,0.0,0.0,0.0,0.0,0.01,1.19,8.86,7.07
boss,1,46.34,100.0,46.34,4.61,0.1,0.0,0.0,0.0
boss,2,4.61,46.34,100.0,46.34,4.61,0.1,0.0,0.0
boss,3,0.1,4.61,46.34,100.0,46.34,4.61,0.0,0.0
boss,4,0.0,0.1,4.61,46.34,100.0,46.34,3.69,0.0
boss,5,0.0,0.0,0.1,4.61,46.34,100.0,37.07,0.0
boss,6,0.0,0.0,0.0,0.1,4.61,46.34,80.0,16.22
boss,7,0.0,0.0,0.0,0.0,0.1,4.61,37.07,35.0
boss,8,0.0,0.0,0.0,0.0,0.0,0.1,3.69,16.22
shop,1,46.34,4.61,0.1,0.0,0,0,0,0
shop,2,100.0,46.34,4.61,0.1,0,0,0,0
shop,3,46.34,100.0,46.34,4.61,0,0,0,0
shop,4,4.61,46.34,100.0,46.34,0,0,0,0
shop,5,0.1,4.61,46.34,100.0,0,0,0,0
shop,6,0.0,0.1,4.61,46.34,0,0,0,0
shop,7,0.0,0.0,0.1,4.61,0,0,0,0
shop,8,0.0,0.0,0.0,0.1,0,0,0,0
